{
 "WA": "Washington", 
 "WI": "Wisconsin", 
 "WV": "West Virginia", 
 "FL": "Florida", 
 "WY": "Wyoming", 
 "NH": "New Hampshire", 
 "NJ": "New Jersey", 
 "NM": "New Mexico", 
 "NC": "North Carolina", 
 "ND": "North Dakota", 
 "NE": "Nebraska", 
 "NY": "New York", 
 "RI": "Rhode Island", 
 "NV": "Nevada", 
 "CO": "Colorado", 
 "CA": "California", 
 "GA": "Georgia", 
 "CT": "Connecticut", 
 "OK": "Oklahoma", 
 "OH": "Ohio", 
 "KS": "Kansas", 
 "SC": "South Carolina", 
 "KY": "Kentucky", 
 "OR": "Oregon", 
 "SD": "South Dakota", 
 "DE": "Delaware", 
 "DC": "District of Columbia", 
 "HI": "Hawaii", 
 "TX": "Texas", 
 "LA": "Louisiana", 
 "TN": "Tennessee", 
 "PA": "Pennsylvania", 
 "VA": "Virginia", 
 "AK": "Alaska", 
 "AL": "Alabama", 
 "AR": "Arkansas", 
 "VT": "Vermont", 
 "IL": "Illinois", 
 "IN": "Indiana", 
 "IA": "Iowa", 
 "AZ": "Arizona", 
 "ID": "Idaho", 
 "ME": "Maine", 
 "MD": "Maryland", 
 "MA": "Massachusetts", 
 "UT": "Utah", 
 "MO": "Missouri", 
 "MN": "Minnesota", 
 "MI": "Michigan", 
 "MT": "Montana", 
 "MS": "Mississippi"
}
